0.000535194,managed
0.000437886,broke
0.000369441,dance
0.000374389,caused
0.000462625,katt
0.000524474,knelt
0.000324910,slick
0.000419744,laura
0.001645990,penis
0.000679507,sleep
0.001244388,skin
0.000336455,follow
0.000871649,chair
0.000291924,captain
0.000272133,kate
0.000395005,certainly
0.000321611,cupped
0.000308417,tv
0.002783175,finally
0.000512104,squeezing
0.005276899,cunt
0.000343052,rhythm
0.002536606,under
0.001106673,smile
0.001556928,must
0.000454379,sent
0.000573952,brown
0.002377450,woman
0.000286152,music
0.000930199,returned
0.000280379,jerk
0.001067090,sitting
0.005167221,very
0.000362019,rod
0.000300995,panting
0.000433763,fat
0.000338104,wave
0.000479118,vibrator
0.002249630,every
0.000634976,jack
0.000438711,fall
0.000484891,telling
0.000545915,word
0.000401602,trouble
0.000271308,screaming
0.000765270,minute
0.000495611,cool
0.000670436,entire
0.001236966,school
0.000493137,sighed
0.000655592,stiff
0.006057837,did
0.000260588,turns
0.000409024,shock
0.000311716,laying
0.000355422,joined
0.001522293,large
0.001360663,crotch
0.002262824,small
0.001005241,lisa
0.001083583,guy
0.000410673,barbara
0.000540967,round
0.000301820,rested
0.000694351,enjoy
0.001439004,pants
0.000368616,parted
0.000499734,talked
0.000618483,ten
0.000349649,tired
0.000454379,hanging
0.000569005,pubic
0.000637450,sensation
0.000674559,past
0.001264180,second
0.000265535,street
0.000789185,picked
0.000283678,eating
0.000750426,blouse
0.001067090,sue
0.002306530,stood
0.000283678,power
0.000808976,giving
0.000593744,deeply
0.000376038,squeeze
0.000260588,slight
0.003893146,fingers
0.000638275,enjoyed
0.000678682,rub
0.000924426,waiting
0.000256464,flowing
0.000268009,reply
0.000272957,learned
0.002629791,ever
0.000968957,filled
0.000379336,movement
0.006006709,body
0.001678976,full
0.000623431,led
0.000921128,leg
0.000290275,kims
0.003880776,never
0.000305118,ellen
0.000706720,stared
0.000559109,drew
0.001342521,water
0.000291924,following
0.000723213,slow
0.004347525,let
0.000312540,situation
0.000847734,sexy
0.000568180,strong
0.000523649,change
0.000989573,wait
0.000357896,dry
0.001580019,boy
0.001382929,great
0.000466749,kids
0.000487365,daughter
0.000333156,complete
0.000413971,changed
0.000416445,grinned
0.000388407,reason
0.000514578,experience
0.000734758,leaving
0.000426341,jill
0.001094303,cindy
0.000323261,pick
0.000704246,bob
0.000265535,settled
0.000397479,punishment
0.000279554,massage
0.000262237,sticking
0.000310891,cup
0.002890378,love
0.000416445,family
0.001527241,suddenly
0.000696000,julie
0.000418919,shoved
0.000394180,crazy
0.000315014,private
0.000439535,feelings
0.001275725,brought
0.003763677,put
0.000421393,swallowed
0.000998644,bra
0.001220474,standing
0.000267185,hard-on
0.000516227,eye
0.000438711,spoke
0.001245213,pulling
0.000794957,tightly
0.003312596,next
0.003235904,few
0.000297697,live
0.000359545,camera
0.000783412,call
0.001249336,debbie
0.000321611,wondering
0.004091885,until
0.001015137,cheeks
0.000379336,flat
0.000300995,entrance
0.000272133,teased
0.000401602,relax
0.004981676,started
0.000654768,clitoris
0.001003592,hurt
0.000459327,phone
0.001587440,warm
0.000271308,rigid
0.000360370,stick
0.000451080,connie
0.001124815,baby
0.001363137,hole
0.001361488,hold
0.000376038,glad
0.001165222,women
0.000328208,shoot
0.000345526,paused
0.000296872,keeping
0.001820815,balls
0.000349649,join
0.004523999,room
0.000637450,hour
0.000592919,middle
0.001006891,car
0.000262237,ride
0.000926900,stroke
0.000600341,enjoying
0.000333981,sudden
0.000366967,obvious
0.000632502,thin
0.000507156,mr
0.000408199,growing
0.001677327,making
0.000436237,male
0.005120217,didnt
0.000418095,plug
0.000661365,shook
0.000800730,control
0.001990691,slid
0.000457678,figure
0.000256464,quivering
0.000682806,climax
0.000257289,slim
0.003933553,fuck
0.000711668,honey
0.002092123,pushed
0.000835365,slit
0.000700123,breathing
0.000376038,chin
0.000799905,dropped
0.000433763,slip
0.000368616,sense
0.000308417,handle
0.000493137,david
0.000361194,clothing
0.000489014,firmly
0.000988749,pink
0.000940095,huge
0.001659184,end
0.000326559,steve
0.000594569,groaned
0.001241914,dress
0.000522000,six
0.000841962,length
0.000309242,stayed
0.000315839,till
0.003842843,hot
0.002094597,continued
0.000333981,hi
0.000370265,sensations
0.001013488,okay
0.001831535,tried
0.000407374,sir
0.000917829,may
0.000479943,locked
0.000424692,earlier
0.000352123,spot
0.000658891,tied
0.000506332,less
0.000561583,wrong
0.000273782,wrist
0.001569298,lay
0.001356540,coming
0.000288626,date
0.001139658,such
0.001927194,suck
0.001278199,guys
0.000316663,response
0.000766919,stroked
0.001113270,realized
0.001072038,short
0.000901336,remember
0.000409848,third
0.001013488,susan
0.001100900,light
0.000761147,sit
0.000315839,trembling
0.000785886,mark
0.000382635,laurie
0.000282853,nancy
0.000285327,enter
0.002090473,pleasure
0.005148255,pulled
0.000680332,playing
0.000838663,talk
0.000342227,wine
0.001075336,replied
0.000306768,cute
0.000562407,thigh
0.000307592,pointed
0.001769687,move
0.000310066,satisfied
0.000632502,sperm
0.001022559,course
0.000266360,hugged
0.004148786,through
0.000498910,cold
0.005598510,still
0.000682806,horny
0.000632502,perfect
0.000341403,group
0.000360370,thumb
0.000342227,fit
0.000333156,picard
0.000619308,jim
0.000446133,remembered
0.000646521,late
0.000475820,window
0.000357896,glanced
0.000943393,covered
0.001373857,might
0.000821346,happened
0.000596218,dad
0.000330682,coffee
0.000433763,return
0.001801848,sucking
0.000319962,jerking
0.000285327,dan
0.000429640,material
0.001006066,guess
0.000327384,scene
0.000326559,underneath
0.000326559,lunch
0.000284502,walls
0.000625080,moaning
0.001819990,kiss
0.006051240,hands
0.002890378,front
0.000374389,hall
0.000338929,bigger
0.001689696,sucked
0.000835365,wont
0.000479943,easily
0.000554161,erection
0.000663839,name
0.000627554,fully
0.000561583,drop
0.000533545,billy
0.000696000,slide
0.001613004,stopped
0.001121516,leaned
0.005074861,each
0.002266123,found
0.000371915,shaking
0.002544028,side
0.000299346,blushed
0.000951640,lifted
0.000526123,everyone
0.000315839,delicious
0.001464568,house
0.005538311,hard
0.000366967,diane
0.000939270,yeah
0.001075336,tip
0.000291924,finish
0.000391706,remove
0.000274607,fist
0.003189724,girl
0.001997289,thing
0.000932673,sexual
0.000358720,ring
0.000564057,special
0.003983857,really
0.001086881,try
0.001954407,opened
0.000766919,wondered
0.000326559,twice
0.000780938,miss
0.001518170,since
0.000666313,strokes
0.000772692,laid
0.000591270,surprise
0.000285327,darling
0.000818872,sweet
0.000858455,sliding
0.001246038,red
0.000424692,lisas
0.000403251,shut
0.000559109,turning
0.000438711,sharon
0.000314189,frank
0.000574777,pumping
0.000851858,free
0.001389526,quite
0.000293573,bringing
0.000593744,quick
0.001238616,completely
0.000456028,base
0.000962360,thrust
0.000642398,mistress
0.000696000,throbbing
0.000710019,care
0.000359545,underwear
0.000323261,exposing
0.002119336,moment
0.001509924,keep
0.000463450,motion
0.000317488,conversation
0.001288919,licked
0.001539611,place
0.000260588,massive
0.000279554,ears
0.000488189,loud
0.000393355,virgin
0.000540142,waited
0.000412322,blood
0.001029156,slipped
0.005004766,feel
0.000302644,powerful
0.000404076,number
0.000376038,embarrassed
0.000307592,fantasy
0.000562407,bitch
0.000400777,directly
0.000282028,gasp
0.002918416,reached
0.001218824,thick
0.000578900,drove
0.002655355,open
0.000474170,size
0.000778464,moan
0.008294273,little
0.001072862,start
0.000568180,lap
0.000889791,caught
0.001363137,neck
0.003168284,girls
0.000299346,twisted
0.000936796,least
0.000265535,grow
0.000798256,needed
0.000704246,vagina
0.000815573,wonderful
0.000611061,master
0.000540967,passed
0.000309242,wildly
0.000782587,wrapped
0.001486834,white
0.002803791,man
0.000311716,final
0.000888967,friend
0.005229894,eyes
0.000702597,muscles
0.000902161,stomach
0.000870824,shorts
0.000455204,ted
0.000479118,exactly
0.000453554,released
0.001361488,part
0.000575602,seat
0.000337280,stairs
0.001031630,waist
0.001437355,wide
0.001002768,kind
0.001070388,john
0.000583848,showed
0.001660834,things
0.000510455,lying
0.000348000,erotic
0.000909583,shower
0.000542616,matter
0.000296872,greg
0.000292749,store
0.001244388,maybe
0.002426104,feeling
0.001758142,clit
0.001111621,lick
0.000315014,tasted
0.000729810,lightly
0.000299346,remained
0.001414265,ran
0.001946985,mind
0.002235611,gently
0.000381810,glass
0.000322436,comfortable
0.000672910,juice
0.000286152,caress
0.000573952,buried
0.000327384,blond
0.001219649,throat
0.000291924,breakfast
0.001377981,turn
0.002691639,saw
0.000351298,clearly
0.002374976,sat
0.000400777,lie
0.002863165,nipples
0.000286976,strength
0.000768569,dildo
0.000301820,shocked
0.000703422,couch
0.000348000,moist
0.001072862,high
0.000352123,causing
0.000268009,lip
0.000967308,laughed
0.000946692,linda
0.002311478,panties
0.000293573,collapsed
0.000605289,blue
0.000951640,play
0.003116331,sure
0.001725981,prick
0.000462625,wrists
0.001749895,though
0.000616834,swollen
0.000657242,reach
0.001007715,leave
0.007797837,mouth
0.000432114,tall
0.000719915,pair
0.000329033,knee
0.000292749,marie
0.001856274,why
0.000550038,gentle
0.000487365,especially
0.000303469,brushed
0.000358720,dream
0.000444483,clear
0.001658360,later
0.000332332,cover
0.000392531,drive
0.005929193,face
0.000470872,wore
0.000571479,near
0.000668787,clean
0.000390057,pictures
0.000286976,stockings
0.000420569,scream
0.002445070,hips
0.000460152,thomas
0.000916180,shot
0.001383753,show
0.007414377,pussy
0.000446957,spanking
0.000580550,bring
0.000311716,bright
0.000470047,giggled
0.000546739,carefully
0.000501384,corner
0.000397479,fear
0.000500559,fine
0.001409317,find
0.000665488,ground
0.000283678,busy
0.001439829,grabbed
0.000282028,lights
0.000332332,nervous
0.000266360,underpants
0.002238085,dick
0.000313365,pump
0.001569298,should
0.000483242,tears
0.001532189,black
0.001464568,pretty
0.000457678,robe
0.000481592,hope
0.000697649,hit
0.000701772,stay
0.000817223,loved
0.001084407,watch
0.000679507,feels
0.000418095,grew
0.000319137,sues
0.000353772,tammy
0.000714142,words
0.000306768,despite
0.000633327,during
0.000305118,silk
0.000361194,semen
0.000596218,nearly
0.000359545,sweat
0.000502208,bar
0.000333981,covering
0.000302644,married
0.001140483,licking
0.001048948,morning
0.002058312,naked
0.000451080,bag
0.000775990,bad
0.000663839,stuff
0.000343052,release
0.000270483,tent
0.002746066,where
0.000681156,husband
0.000657242,view
0.000262237,revealing
0.000913706,set
0.000781763,fun
0.000260588,burst
0.002184483,sex
0.001110796,decided
0.000694351,bare
0.000318313,tender
0.001549507,close
0.003000881,yes
0.000915355,breast
0.000359545,wonder
0.000293573,pete
0.001815042,knees
0.000416445,walking
0.013007940,said
0.000292749,glistening
0.000510455,jumped
0.002008009,please
0.000289450,shaved
0.000283678,kneeling
0.000334806,state
0.000324910,unable
0.002595156,finger
0.001335924,closed
0.000784237,probably
0.000263062,reading
0.001292218,moaned
0.000317488,dirty
0.001004417,whispered
0.000324910,blow
0.000806502,pushing
0.000633327,janet
0.000900512,opening
0.000823820,rolled
0.000377687,lover
0.000375213,louanne
0.000584673,job
0.000258938,joe
0.000334806,moans
0.000273782,tub
0.000442834,driving
0.000565706,kitchen
0.000360370,suggested
0.004208985,both
0.000414796,mans
0.002535781,last
0.001046474,many
0.001253459,taking
0.000522825,barely
0.000724038,hours
0.000376862,quiet
0.000578900,sensitive
0.000322436,loudly
0.000917829,gasped
0.000314189,swallow
0.000352123,loose
0.000296872,expression
0.001789478,chest
0.000711668,load
0.000273782,stream
0.000808151,point
0.000633327,wall
0.005787354,legs
0.000711668,jeans
0.000590445,walk
0.000832891,karen
0.000428815,simply
0.000650644,stretched
0.001441478,table
0.000666313,blonde
0.000806502,stroking
0.000305943,nicole
0.000366967,speak
0.000830417,bathroom
0.000460976,sam
0.001787829,three
0.000777640,tiny
0.002226540,quickly
0.001218000,breath
0.000273782,secret
0.000532720,cry
0.004166103,slowly
0.001167696,far
0.000623431,tina
0.000264711,stripped
0.000415621,expected
0.000646521,entered
0.000605289,staring
0.000341403,hardly
0.001100900,mary
0.000266360,woke
0.000376038,threw
0.000949166,firm
0.000353772,box
0.001307886,life
0.000769393,deeper
0.000436237,fire
0.003661421,turned
0.000424692,thrusting
0.000987924,mine
0.000258114,gripped
0.001036578,finished
0.000333156,figured
0.000606114,understand
0.000317488,gag
0.000269659,careful
0.001726805,those
0.000297697,case
0.001098426,shaft
0.000747952,talking
0.001383753,need
0.000766095,straight
0.000682806,bill
0.001200682,harder
0.000366967,movie
0.000343052,rope
0.000268009,pace
0.000372739,bikini
0.000436237,slippery
0.001183365,pressed
0.000296047,juicy
0.000491488,wild
0.000807327,kissing
0.000313365,mound
0.001532189,voice
0.012620357,cock
0.000256464,groin
0.000316663,tim
0.000397479,grip
0.001782881,stop
0.000385934,climbed
0.000290275,hoping
0.000493137,played
0.000332332,fill
0.001141308,rubbing
0.000327384,straps
0.000272133,sleeping
0.000537668,lust
0.000289450,ecstasy
0.000581374,pressing
0.001566000,ready
0.000320787,happening
0.000413147,worry
0.000260588,movements
0.000293573,funny
0.000737232,different
0.000292749,perfectly
0.000972256,shirt
0.000515403,perhaps
0.000258114,pay
0.000257289,jerry
0.005168046,while
0.000547564,strange
0.000268834,shooting
0.000626730,shit
0.000536019,party
0.000734758,stepped
0.001326028,several
0.000550038,cumming
0.000269659,daughters
0.000319962,higher
0.000315014,oil
0.000687753,slave
0.000517877,drink
0.000331507,effect
0.007852263,hand
0.000328208,delight
0.001010189,running
0.001267478,moving
0.000701772,kim
0.000307592,suzi
0.000564057,sisters
0.000291924,janice
0.000451080,thoughts
0.000320787,kid
0.000366967,break
0.000668787,lower
0.001635270,kept
0.000374389,center
0.000578076,older
0.000351298,caressing
0.000526123,cheek
0.000551687,spent
0.000264711,piss
0.004509155,thought
0.008594443,more
0.000804853,edge
0.000261412,relief
0.000410673,bottle
0.000648995,kelly
0.001175943,position
0.000258114,limp
0.000260588,massaging
0.000523649,bodies
0.003393411,left
0.000333156,summer
0.001584142,watching
0.001579194,mom
0.000689403,cried
0.000953289,flesh
0.000592919,moments
0.000335630,money
0.000288626,guided
0.001071213,half
0.000833715,removed
0.001263355,rest
0.000723213,foot
0.000287801,eagerly
0.000775166,followed
0.000842787,paul
0.001320256,yet
0.000435412,cocks
0.000724038,letting
0.000545915,cut
0.000347175,womans
0.000404900,rose
0.000581374,jeff
0.000456853,quietly
0.000474170,except
0.000282028,realize
0.000293573,eager
0.000837014,lets
0.001965127,spread
0.000604464,parents
0.000294398,grin
0.000524474,easy
0.000542616,crack
0.003634208,cum
0.001745772,has
0.000940919,excited
0.000677033,surprised
0.001721857,gave
0.001139658,real
0.000513753,desire
0.000346351,explained
0.001542085,fucked
0.002171289,tits
0.000570654,read
0.002789772,big
0.001152028,couple
0.000446957,jerked
0.000299346,rapidly
0.000528597,possible
0.000985450,dark
0.000431289,game
0.000680332,five
0.000300171,warmth
0.000376862,teasing
0.000601990,desk
0.000527772,dripping
0.000577251,world
0.001970075,bit
0.000393355,strap
0.000502208,lady
0.000364493,rear
0.000745478,shoulder
0.000416445,showing
0.000703422,lost
0.000362019,bobby
0.000277905,bulge
0.000258114,crawled
0.000382635,nude
0.000407374,facing
0.000407374,true
0.000264711,thrusts
0.001154502,nipple
0.001904104,thighs
0.002464862,night
0.000479943,hung
0.000281204,sharp
0.005122691,right
0.001457147,old
0.000310066,deal
0.001041526,people
0.002017905,fucking
0.000268834,scared
0.000538493,jennifer
0.003193847,hair
0.004788710,lips
0.000291099,experienced
0.000282853,learn
0.000779289,sight
0.000568180,mirror
0.000364493,dear
0.000326559,susie
0.000892265,closer
0.000533545,obviously
0.000267185,lead
0.001558578,bottom
0.000546739,ear
0.000849384,daddy
0.000354597,filling
0.000962360,everything
0.000302644,pounding
0.000491488,continue
0.000544265,passion
0.000372739,contact
0.000705896,pee
0.000318313,laughing
0.003973961,knew
0.000615185,run
0.000303469,business
0.000408199,reaching
0.000633327,seconds
0.000345526,rock
0.000515403,slut
0.000567355,pressure
0.000373564,step
0.000432114,putting
0.000780938,carol
0.000407374,exciting
0.000276256,stage
0.000465924,chapter
0.000930199,sister
0.000876597,ok
0.000286152,carried
0.003507212,oh
0.000448607,months
0.000428815,shoes
0.000323261,|
0.000681156,dinner
0.000325735,empty
0.000979677,stand
0.001254284,slightly
0.000312540,silence
0.000803204,raised
0.002821108,own
0.000301820,burning
0.000701772,squeezed
0.000366967,spreading
0.000423043,crying
0.000284502,bound
0.000274607,bath
0.000586322,screamed
0.000310066,promise
0.000724862,erect
0.000418095,female
0.000320787,strip
0.000630028,lovely
0.000409848,early
0.000330682,caressed
0.000680332,fast
0.000839488,story
0.000313365,fabric
0.000272957,creamy
0.000616009,exposed
0.000402426,question
0.004890966,long
0.000488189,class
0.000480768,stuck
0.000338104,gaze
0.000446957,low
0.001173469,lot
0.000427166,suit
0.000421393,jane
0.000440360,damn
0.000568180,happy
0.000418919,rodger
0.002086350,enough
0.000444483,relaxed
0.000300171,pleased
0.000301820,hoped
0.001415914,boys
0.000635801,lowered
0.000418095,uncle
0.000324085,sun
0.000453554,line
0.001635270,trying
0.001438180,pain
0.000616009,eat
0.000792483,faster
0.001120692,pull
0.003813980,made
0.000551687,mrs
0.000373564,wish
0.000705896,smooth
0.002472284,tell
0.000632502,excitement
0.000988749,placed
0.000361194,uh
0.000403251,pumped
0.000436237,problem
0.000325735,piece
0.001985744,minutes
0.000949166,called
0.001697118,feet
0.000289450,yelled
0.000407374,catch
0.000256464,kathy
0.000523649,jenny
0.000279554,johnny
0.000272957,resting
0.000902161,taste
0.000288626,certain
0.000326559,kisses
0.000766095,mike
0.002534957,deep
0.000272133,sticky
0.000322436,kathryn
0.000313365,grasped
0.002054189,home
0.002042644,watched
0.001787829,kissed
0.000545090,happen
0.000855156,four
0.000495611,cream
0.000484066,smiling
0.000483242,peter
0.000264711,expect
0.001163573,rubbed
0.001815042,floor
0.000389232,tit
0.000886493,dressed
0.000987099,shoulders
0.000348825,handed
0.000281204,rubber
0.002184483,tight
0.000323261,book
0.000416445,sandy
0.001133061,holding
0.000394180,smell
0.000266360,twat
0.001483535,nice
0.000329033,picture
0.000615185,living
0.000876597,juices
0.007753306,felt
0.000313365,ended
0.003350530,breasts
0.004039108,much
0.001363137,skirt
0.000563232,chance
0.000996995,fell
0.002175412,smiled
0.000335630,terry
0.000467573,chris
0.001089355,else
0.000996170,friends
0.000459327,sides
0.000643223,pool
0.000482417,building
0.000927725,longer
0.000891441,wife
0.004312065,came
0.003229307,moved
0.000710019,dave
0.002111089,walked
0.000408199,responded
0.000795782,fact
0.000506332,teeth
0.000602815,push
0.000298521,serious
0.000539317,starting
0.001514047,having
